{
    "accuracy": 0.9511301160659743,
    "precision": 0.8858695652173914,
    "recall": 0.7342342342342343,
    "auc": 0.9431031738452234
}
